{
    "type": "FeatureCollection",
    "features": [
        {
            "type": "Feature",
            "properties": {
                "name": "Mare Crisium",
                "Wiki": ""
            },
            "geometry": {
                "type": "Polygon",
                "coordinates": [
                    [
                        [53.086595, 21.547696],
                        [51.431883, 20.000624],
                        [50.364327, 17.065659],
                        [50.737972, 13.721115],
                        [57.196686, 9.907848],
                        [63.388511, 12.003919],
                        [65.149979, 14.807472],
                        [68.672914, 14.290813],
                        [67.498602, 19.498245],
                        [61.413533, 23.568605],
                        [56.449397, 23.029332],
                        [53.086595, 21.547696]
                    ]
                ]
            }
        },
        {
            "type": "Feature",
            "properties": {
                "name": "Oceanus Procellarum",
                "Wiki": ""
            },
            "geometry": {
                "type": "Polygon",
                "coordinates": [
                    [
                        [-73.562802, 56.313875],[-72.722907, 51.049703],[-76.754402, 47.772623],[-77.930255, 42.690885],
                        [-74.738655, 42.070477],[-74.066739, 39.268166],[-78.434191, 38.746046],[-79.442065, 30.897911],
                        [-83.809518, 27.526556],[-74.402697, 10.450825],[-67.683539, 10.781032],[-63.316086, -2.088697],
                        [-54.245223, -11.913139],[-40.470949, -11.584220],[-38.623181, 3.954938],[-40.638928, 23.587563],
                        [-45.342339, 37.290434],[-49.037876, 46.515938],[-63.820023, 53.113807],[-63.820023, 53.113807],
                        [-67.314429, 56.099684],[-73.562802, 56.313875]
                    ]
                ]
            }
        },
        {
            "type": "Feature",
            "properties": {
                "name": "Mare Frigoris",
                "Wiki": ""
            },
            "geometry": {
                "type": "Polygon",
                "coordinates": [
                    [
                        [-57.586123, 53.199787],[-56.786173, 50.141960],[-49.586624, 47.057342],[-43.587000, 48.136171],
                        [-30.787802, 55.679988],[-15.588755, 54.225506],[-8.789181, 57.082326],[2.543442, 54.303374],
                        [10.409616, 47.868549],[34.674762, 50.904806],[39.074487, 53.912562],[30.541688, 58.642338],
                        [11.476216, 59.192977],[0.810218, 62.130232],[-7.322606, 60.465908],[-15.988730, 64.751135],
                        [-20.448069, 62.428160],[-27.748674, 60.696233],[-35.500141, 60.505979],[-39.818816, 58.569799],
                        [-43.320350, 57.941622],[-51.986474, 56.202651],[-57.586123, 53.199787]
                    ]
                ]
            }
        },
        {
            "type": "Feature",
            "properties": {
                "name": "Mare Imbrium",
                "Wiki": ""
            },
            "geometry": {
                "type": "Polygon",
                "coordinates": [
                    [
                        [-38.964001, 35.378890],[-42.910475, 31.083104],[-40.676622, 24.298095],[-39.772974, 16.717850],
                        [-31.731724, 13.761879],[-26.618101, 17.270054],[-18.017917, 15.112428],[-7.325796, 16.899754],
                        [-2.444611, 20.857589],[4.605990, 28.454510],[7.550197, 36.358161],[-0.895028, 46.544291],
                        [-7.093359, 49.092830],[-10.424962, 48.736406],[-14.531356, 51.080947],[-23.054061, 49.244805],
                        [-25.920788, 46.223611],[-29.639787, 48.119471],[-33.513744, 47.808192],[-36.457951, 45.901047],
                        [-35.528201, 42.457507],[-33.203827, 40.365935],[-37.310221, 39.054726],[-38.964001, 35.378890]
                    ]
                ]
            }
        },
        {
            "type": "Feature",
            "properties": {
                "name": "Mare Insularum",
                "Wiki": ""
            },
            "geometry": {
                "type": "Polygon",
                "coordinates": [
                    [
                        [-36.595862, 15.207680],[-34.261179, 6.672322],[-38.718301, 1.593396],[-39.991764, -10.341565],
                        [-36.914228, -14.177750],[-32.350984, -12.007263],[-29.910179, -6.668802],[-21.994081, -0.153573],
                        [-24.376049, 7.763372],[-29.435625, 10.261719],[-32.049740, 13.807439],[-36.595862, 15.207680]
                    ]
                ]
            }
        },
        {
            "type": "Feature",
            "properties": {
                "name": "Mare Nubium",
                "Wiki": ""
            },
            "geometry": {
                "type": "Polygon",
                "coordinates": [
                    [
                        [-22.667044, -14.708692],[-28.618031, -23.480905],[-23.536289, -29.345793],[-19.791848, -30.100663],
                        [-13.707130, -27.937456],[-8.424793, -27.760093],[-5.616462, -24.701689],[-8.291063, -18.551931],
                        [-5.482732, -15.869642],[-5.750192, -12.237963],[-11.901775, -4.704184],[-15.178161, -3.103200],
                        [-13.305940, -12.760203],[-18.187087, -14.385085],[-22.667044, -14.708692]
                    ]
                ]
            }
        },
        {
            "type": "Feature",
            "properties": {
                "name": "Mare Humorum",
                "Wiki": ""
            },
            "geometry": {
                "type": "Polygon",
                "coordinates": [
                    [
                        [-41.643486, -18.319274],[-45.829017, -24.485470],[-42.899145, -29.699494],[-39.550721, -30.784240],
                        [-35.713985, -30.183081],[-32.853873, -26.687399],[-30.412314, -26.500264],[-33.272426, -21.142433],
                        [-31.992187, -18.145852],[-35.923262, -15.583737],[-37.876509, -15.449304],[-38.016027, -17.987842],
                        [-39.969274, -18.914249],[-41.643486, -18.319274]
                    ]
                ]
            }
        },
        {
            "type": "Feature",
            "properties": {
                "name": "Mare Orientale",
                "Wiki": ""
            },
            "geometry": {
                "type": "Polygon",
                "coordinates": [
                    [
                        [-92.994044, -13.358146],[-98.933734, -16.025420],[-99.428709, -19.925537],[-95.539625, -23.925819],
                        [-91.721253, -23.925819],[-89.812066, -20.257574],[-87.973591, -19.392828],[-88.185723, -17.109800],
                        [-91.438410, -14.524793],[-92.994044, -13.358146]
                    ]
                ]
            }
        },
        {
            "type": "Feature",
            "properties": {
                "name": "Mare Cognitum",
                "Wiki": ""
            },
            "geometry": {
                "type": "Polygon",
                "coordinates": [
                    [
                        [-35.301279, -13.558837],[-33.901366, -16.647680],[-30.634904, -18.806431],[-26.835142, -18.617014],
                        [-23.768668, -13.688411],[-21.702131, -14.528874],[-15.235869, -13.299478],[-16.902431, -9.970055],
                        [-19.702256, -5.147454],[-18.568994, -1.287860],[-22.102106, -0.354691],[-26.435167, -4.084329],
                        [-25.901868, -6.407581],[-27.901742, -9.838717],[-31.301529, -9.444393],[-32.101479, -11.802929],
                        [-35.301279, -13.558837]
                    ]
                ]
            }
        },
        {
            "type": "Feature",
            "properties": {
                "name": "Mare Tranquillitatis",
                "Wiki": ""
            },
            "geometry": {
                "type": "Polygon",
                "coordinates": [
                    [
                        [22.140478, 16.254110],[16.767344, 12.151118],[18.558389, 8.386808],[18.232744, 1.985043],
                        [24.257167, -1.840566],[21.896245, -7.437277],[24.338578, -9.691219],[31.177113, -7.921361],
                        [30.037357, -2.816681],[32.805335, 2.310458],[40.457981, -0.294070],[44.193939, 5.846046],
                        [46.843189, 9.628610],[43.882263, 11.772274],[40.375903, 12.686075],[39.440873, 17.052839],
                        [29.233469, 19.494273],[22.140478, 16.254110]
                    ]
                ]
            }
        },
        {
            "type": "Feature",
            "properties": {
                "name": "Mare Serenitatis",
                "Wiki": ""
            },
            "geometry": {
                "type": "Polygon",
                "coordinates": [
                    [
                        [13.051392, 37.995863],[8.107293, 31.664509],[5.804561, 30.970201],[4.924105, 28.916335],
                        [8.445930, 26.881406],[7.430019, 23.200634],[9.326386, 22.075491],[8.852294, 19.989540],
                        [18.198673, 15.801375],[22.533226, 16.776492],[28.764145, 19.479545],[30.863694, 27.843784],
                        [24.361865, 34.946671],[21.381860, 34.333736],[19.553221, 36.268150],[13.051392, 37.995863]
                    ]
                ]
            }
        },
        {
            "type": "Feature",
            "properties": {
                "name": "Mare Nectaris",
                "Wiki": ""
            },
            "geometry": {
                "type": "Polygon",
                "coordinates": [
                    [
                        [27.922717, -8.785102],[32.722416, -11.997541],[29.189304, -14.010964],[31.255841, -19.057615],
                        [32.055791, -22.423478],[33.855679, -22.546668],[34.988941, -20.687558],[39.455328, -20.500351],
                        [39.655315, -12.713839],[37.455453, -11.606022],[35.855553, -9.706242],
                        [32.189116, -9.968970],[31.089347, -7.991723],[27.922717, -8.785102]
                    ]
                ]
            }
        },
        {
            "type": "Feature",
            "properties": {
                "name": "Mare Smythii",
                "Wiki": ""
            },
            "geometry": {
                "type": "Polygon",
                "coordinates": [
                    [
                        [89.286285, 4.105418],[87.210751, 5.254628],[82.275592, 2.309514],[81.307010, 0.511336],
                        [80.991211, -4.959615],[83.889897, -7.675486],[89.055670, -7.538335],[92.745508, -2.393708],
                        [93.022246, 0.603578],[91.361819, 4.473367],[89.286285, 4.105418]
                    ]
                ]
            }
        },
        {
            "type": "Feature",
            "properties": {
                "name": "Mare Australe",
                "Wiki": ""
            },
            "geometry": {
                "type": "Polygon",
                "coordinates": [
                    [
                        [90.202471, -30.697574],[82.140687, -33.681856],[78.613657, -39.992825],[72.063458, -43.743254],
                        [74.078904, -50.687973],[70.887782, -53.373541],[73.910950, -58.447924],[81.636826, -55.235098],
                        [86.003625, -57.737784],[79.621380, -60.328900],[87.179302, -64.155887],[97.256531, -60.245653],
                        [105.822176, -60.328900],[110.188975, -52.768087],[117.578943, -52.257021],[112.204421, -43.010804],
                        [107.165806, -36.160295],[98.768116, -31.845962],[93.897455, -32.414878],[90.202471, -30.697574]
                    ]
                ]
            }
        },
        {
            "type": "Feature",
            "properties": {
                "name": "Mare Moscoviense",
                "Wiki": ""
            },
            "geometry": {
                "type": "Polygon",
                "coordinates": [
                    [
                        [148.301310, 31.567207],[147.933873, 29.789763],[144.167648, 27.492360],[143.524634, 25.104420],
                        [144.672873, 23.724323],[146.464127, 23.049829],[148.898395, 23.640199],[151.791958, 23.766364],
                        [153.261705, 27.288458],[151.791958, 30.504662],[148.301310, 31.567207]
                    ]
                ]
            }
        },
        {
            "type": "Feature",
            "properties": {
                "name": "Mare Vaporum",
                "Wiki": ""
            },
            "geometry": {
                "type": "Polygon",
                "coordinates": [
                    [
                        [-10.086274, 15.688058],[-10.867662, 13.368606],[-12.795085, 11.894531],[-17.848059, 10.309940],
                        [-20.608963, 4.838464],[-19.515020, 1.405978],[-15.712266, 0.312175],[-15.139248, -3.228405],
                        [-11.805327, -4.423841],[-5.710503, -2.135677],[-3.730987, -0.104564],[-1.334731, -2.031561],
                        [3.197318, 0.676808],[2.259653, 5.253589],[-2.480767, 3.851564],[-4.095635, 6.186574],
                        [-0.917991, 10.156148],[3.301503, 9.848344],[6.739609, 5.720272],[11.427936, 7.427956],
                        [11.792583, 10.668493],[17.626945, 13.368606],[15.074412, 16.987740],[9.187957, 19.706873],
                        [1.738727, 18.673735],[-1.907749, 13.013580],[-6.648168, 15.738204],[-10.086274, 15.688058]
                    ]
                ]
            }
        },
        {
            "type": "Feature",
            "properties": {
                "name": "Mare Marginis",
                "Wiki": ""
            },
            "geometry": {
                "type": "Polygon",
                "coordinates": [
                    [
                        [81.915184, 17.801315],[82.468670, 15.147780],[81.009480, 14.418015],[81.160431, 10.982576],
                        [84.330394, 11.426795],[87.802259, 9.794790],[92.682996, 9.943507],[94.745988, 12.067211],
                        [91.072856, 15.196343],[89.261448, 16.406703],[87.500357, 14.710215],[87.047506, 15.729791],
                        [88.104160, 17.561616],[86.141802, 18.327516],[83.625958, 18.423019],[81.915184, 17.801315]
                    ]
                ]
            }
        },
        {
            "type": "Feature",
            "properties": {
                "name": "Mare Humboldtianum",
                "Wiki": ""
            },
            "geometry": {
                "type": "Polygon",
                "coordinates": [
                    [
                        [74.596227, 56.972469],[75.752946, 55.004978],[80.620805, 54.110678],[84.428338, 55.581250],
                        [86.741777, 55.252977],[86.886366, 56.814521],[82.355884, 57.442321],[81.391951, 59.775995],
                        [79.078513, 59.703132],[75.945732, 58.616091],[75.993929, 57.442321],[74.596227, 56.972469]
                    ]
                ]
            }
        },
        {
            "type": "Feature",
            "properties": {
                "name": "Mare Somniorum",
                "Wiki": ""
            },
            "geometry": {
                "type": "Polygon",
                "coordinates": [
                    [
                        [20.585652, 42.493549],[22.631239, 37.302738],[24.817901, 36.229144],[24.324139, 35.025162],
                        [27.498326, 32.206105],[29.402838, 33.861777],[31.518963, 33.274041],[33.070787, 31.185845],
                        [35.680675, 31.306456],[34.481537, 33.274041],[37.232499, 34.677849],[40.406686, 32.860255],
                        [41.464749, 33.920330],[38.643249, 36.229144],[39.771849, 39.513372],[38.643249, 41.179777],
                        [30.743050, 41.971277],[28.203701, 41.391792],[24.253601, 41.813753],[20.585652, 42.493549]
                    ]
                ]
            }
        },
        {
            "type": "Feature",
            "properties": {
                "name": "Mare Fecunditatis",
                "Wiki": ""
            },
            "geometry": {
                "type": "Polygon",
                "coordinates": [
                    [
                        [41.202860, 0.346181],[41.147160, -3.105713],[40.868658, -6.933570],[42.539667, -7.762205],
                        [44.489177, -12.639600],[47.942595, -12.095526],[51.730214, -13.615990],[59.639655, -12.367705],
                        [58.247148, -8.809448],[59.583955, -6.601697],[63.315874, -6.324966],[62.981672, -1.213334],
                        [59.806756, 2.295079],[56.409038, 2.128103],[46.772889, 9.438056],[43.375171, 4.407949],
                        [41.202860, 0.346181]
                    ]
                ]
            }
        }
    ]
}
